user_played, instrument_name, velocity, pitch, start (s), end (s)
False,piano,49,33,0.0,0.46331527916666665
False,piano,49,45,0.48913049999999997,0.9524457791666666
False,piano,49,40,0.9782609999999999,1.4415762791666666
False,piano,49,38,1.4673915,1.6209241291666665
False,piano,49,40,1.6304349999999999,1.7839676291666666
False,piano,49,38,1.7934785,1.9470111291666665
True,piano,49,64,1.9565219999999999,2.1100546291666666
True,piano,49,69,1.9565219999999999,2.1100546291666666
False,piano,49,40,1.9565219999999999,2.2649459541666666
True,piano,49,64,2.1195654999999998,2.2730981291666663
True,piano,49,69,2.1195654999999998,2.2730981291666663
True,piano,49,64,2.282609,2.4361416291666664
True,piano,49,69,2.282609,2.4361416291666664
False,piano,49,46,2.282609,2.5910329541666663
True,piano,49,64,2.4456525,2.5991851291666666
True,piano,49,69,2.4456525,2.5991851291666666
False,piano,49,33,2.6086959999999997,3.0720112791666665
False,piano,49,45,3.0978264999999996,3.5611417791666664
False,piano,49,40,3.586957,4.824728904166666
True,piano,49,81,3.9130439999999997,4.1440222916666665
True,piano,49,82,4.157609249999999,4.233696216666666
True,piano,49,81,4.2391309999999995,4.392663629166666
True,piano,49,79,4.4021745,4.555707129166667
True,piano,49,69,4.565218,4.873641954166667
True,piano,49,81,4.565218,4.873641954166667
False,piano,49,46,4.891305,5.199728954166666
False,piano,49,33,5.217391999999999,5.680707279166667
False,piano,49,45,5.706522499999999,6.1698377791666665
False,piano,49,40,6.195652999999999,6.6589682791666664
False,piano,49,38,6.684783499999999,6.8383161291666665
False,piano,49,40,6.847827,7.001359629166666
False,piano,49,38,7.010870499999999,7.164403129166666
True,piano,49,64,7.173914,7.3274466291666664
True,piano,49,69,7.173914,7.3274466291666664
False,piano,49,40,7.173914,7.482337954166666
True,piano,49,64,7.3369575,7.490490129166666
True,piano,49,69,7.3369575,7.490490129166666
True,piano,49,64,7.500000999999999,7.653533629166666
True,piano,49,69,7.500000999999999,7.653533629166666
False,piano,49,46,7.500000999999999,7.808424954166666
True,piano,49,64,7.6630445,7.816577129166666
True,piano,49,69,7.6630445,7.816577129166666
False,piano,49,33,7.8260879999999995,8.289403279166667
False,piano,49,45,8.315218499999999,8.778533779166667
False,piano,49,40,8.804349,10.042120904166666
True,piano,49,81,9.130436,9.361414291666666
True,piano,49,82,9.375001249999999,9.451088216666665
True,piano,49,81,9.456522999999999,9.610055629166666
True,piano,49,79,9.6195665,9.773099129166665
True,piano,49,69,9.78261,10.091033954166665
True,piano,49,81,9.78261,10.091033954166665
True,piano,49,62,10.108697,10.417120954166666
False,piano,49,41,10.108697,10.417120954166666
True,piano,49,61,10.434783999999999,11.052990604166666
True,piano,49,64,10.434783999999999,11.052990604166666
False,piano,49,33,10.434783999999999,10.898099279166665
False,piano,49,45,10.923914499999999,11.387229779166665
True,piano,49,62,11.413044999999999,11.566577629166666
False,piano,49,40,11.413044999999999,11.876360279166665
True,piano,49,62,11.5760885,11.729621129166667
True,piano,49,61,11.739132,12.047555954166667
False,piano,49,38,11.902175499999998,12.055708129166666
True,piano,49,58,12.065218999999999,12.373642954166666
False,piano,49,40,12.065218999999999,12.218751629166666
False,piano,49,38,12.2282625,12.381795129166665
True,piano,49,57,12.391305999999998,12.699729954166665
False,piano,49,40,12.391305999999998,12.699729954166665
False,piano,49,46,12.717393,13.025816954166666
True,piano,49,61,13.043479999999999,13.197012629166666
True,piano,49,64,13.043479999999999,13.197012629166666
False,piano,49,33,13.043479999999999,13.506795279166665
True,piano,49,61,13.2065235,13.360056129166665
True,piano,49,64,13.2065235,13.360056129166665
True,piano,49,61,13.369566999999998,13.523099629166666
True,piano,49,64,13.369566999999998,13.523099629166666
True,piano,49,62,13.532610499999999,13.686143129166666
True,piano,49,65,13.532610499999999,13.686143129166666
False,piano,49,45,13.532610499999999,13.995925779166665
True,piano,49,61,13.695654,14.004077954166666
True,piano,49,64,13.695654,14.004077954166666
True,piano,49,62,14.021740999999999,14.175273629166666
False,piano,49,40,14.021740999999999,15.259512904166666
True,piano,49,62,14.1847845,14.338317129166665
True,piano,49,61,14.347828,14.656251954166665
True,piano,49,58,14.673915,14.982338954166666
True,piano,49,57,15.000001999999999,15.308425954166665
False,piano,49,46,15.326089,15.634512954166665
True,piano,49,61,15.489132499999998,15.642665129166666
True,piano,49,61,15.652175999999999,15.805708629166665
False,piano,49,33,15.652175999999999,16.115491279166665
True,piano,49,57,15.8152195,15.968752129166665
True,piano,49,57,15.978262999999998,16.131795629166664
True,piano,49,61,16.1413065,16.294839129166665
False,piano,49,45,16.1413065,16.604621779166667
True,piano,49,61,16.30435,16.457882629166665
True,piano,49,57,16.4673935,16.620926129166666
True,piano,49,57,16.630436999999997,16.783969629166666
False,piano,49,40,16.630436999999997,17.868208904166664
True,piano,49,62,16.793480499999998,16.947013129166667
True,piano,49,61,16.956523999999998,17.264947954166665
True,piano,49,64,16.956523999999998,17.264947954166665
True,piano,49,57,17.282611,17.591034954166666
True,piano,49,62,17.282611,17.591034954166666
True,piano,49,61,17.608698,17.762230629166666
True,piano,49,57,17.771741499999997,17.925274129166667
False,piano,49,46,17.934784999999998,18.243208954166665
True,piano,49,61,18.0978285,18.251361129166664
True,piano,49,61,18.260872,18.569295954166666
True,piano,49,64,18.260872,18.569295954166666
False,piano,49,33,18.260872,18.724187279166664
True,piano,49,57,18.586959,18.895382954166664
True,piano,49,64,18.586959,18.895382954166664
False,piano,49,45,18.750002499999997,19.213317779166665
True,piano,49,61,18.913045999999998,19.066578629166663
True,piano,49,57,19.0760895,19.229622129166664
False,piano,49,40,19.239133,20.167122254166664
True,piano,49,61,19.4021765,19.555709129166665
True,piano,49,64,19.56522,19.873643954166663
True,piano,49,67,19.56522,19.873643954166663
True,piano,49,62,19.891306999999998,20.199730954166665
True,piano,49,67,19.891306999999998,20.199730954166665
True,piano,49,61,20.217394,20.525817954166666
True,piano,49,67,20.217394,20.525817954166666
False,piano,49,45,20.217394,20.370926629166664
False,piano,49,45,20.3804375,20.533970129166665
True,piano,49,67,20.543481,20.697013629166666
False,piano,49,45,20.543481,20.697013629166666
True,piano,49,67,20.706524499999997,20.860057129166666
False,piano,49,45,20.706524499999997,20.860057129166666
True,piano,49,64,20.869567999999997,21.487774604166663
False,piano,49,45,20.869567999999997,21.177991954166664
False,piano,49,55,21.195655,21.349187629166664
False,piano,49,55,21.3586985,21.512231129166665
True,piano,49,64,21.521742,21.675274629166665
False,piano,49,52,21.521742,21.830165954166667
False,piano,49,57,21.521742,21.830165954166667
True,piano,49,64,21.684785499999997,21.838318129166666
True,piano,49,64,21.847828999999997,22.001361629166666
False,piano,49,45,21.847828999999997,22.156252954166664
True,piano,49,65,22.010872499999998,22.164405129166663
True,piano,49,64,22.173916,22.792122604166664
False,piano,49,45,22.500003,22.653535629166665
False,piano,49,55,22.500003,22.653535629166665
False,piano,49,55,22.663046499999997,22.816579129166666
True,piano,49,69,22.826089999999997,22.979622629166666
False,piano,49,52,22.826089999999997,22.987774804166666
False,piano,49,57,22.826089999999997,22.987774804166666
True,piano,49,69,22.989133499999998,23.142666129166663
True,piano,49,67,23.152177,23.460600954166665
True,piano,49,64,23.478264,23.786687954166666
False,piano,49,45,23.478264,23.786687954166666
True,piano,49,62,23.804350999999997,23.957883629166666
False,piano,49,55,23.804350999999997,23.957883629166666
True,piano,49,64,23.967394499999997,24.120927129166663
False,piano,49,55,23.967394499999997,24.120927129166663
True,piano,49,65,24.130437999999998,24.438861954166665
False,piano,49,52,24.130437999999998,24.438861954166665
False,piano,49,57,24.130437999999998,24.438861954166665
True,piano,49,64,24.456525,24.764948954166666
False,piano,49,45,24.456525,24.764948954166666
True,piano,49,62,24.782611999999997,25.091035954166664
True,piano,49,69,25.108698999999998,25.262231629166664
False,piano,49,55,25.108698999999998,25.262231629166664
True,piano,49,69,25.2717425,25.425275129166664
False,piano,49,55,25.2717425,25.425275129166664
True,piano,49,69,25.434786,25.588318629166665
False,piano,49,52,25.434786,25.596470804166664
False,piano,49,57,25.434786,25.596470804166664
True,piano,49,70,25.5978295,25.751362129166665
True,piano,49,69,25.760872999999997,25.914405629166666
True,piano,49,67,25.923916499999997,26.077449129166666
True,piano,49,69,26.086959999999998,26.705166604166664
False,piano,49,45,26.086959999999998,26.240492629166663
False,piano,49,46,26.2500035,26.403536129166664
False,piano,49,49,26.413047,26.566579629166664
False,piano,49,50,26.5760905,26.729623129166665
False,piano,49,52,26.739133999999996,26.892666629166666
False,piano,49,53,26.902177499999997,27.055710129166666
True,piano,49,64,27.065220999999998,27.373644954166664
False,piano,49,55,27.065220999999998,27.218753629166663
False,piano,49,57,27.228264499999998,27.381797129166664
True,piano,49,64,27.391308,27.544840629166664
False,piano,49,58,27.391308,27.699731954166666
True,piano,49,62,27.5543515,27.707884129166665
True,piano,49,64,27.717394999999996,28.025818954166663
False,piano,49,45,27.717394999999996,27.870927629166665
True,piano,49,64,28.043481999999997,28.197014629166663
False,piano,49,52,28.043481999999997,28.205166804166666
False,piano,49,57,28.043481999999997,28.205166804166666
True,piano,49,59,28.206525499999998,28.360058129166664
True,piano,49,64,28.695656,28.849188629166665
False,piano,49,45,28.695656,29.004079954166663
False,piano,49,57,28.695656,29.004079954166663
True,piano,49,64,28.858699499999997,29.012232129166666
True,piano,49,64,29.021742999999997,29.330166954166664
False,piano,49,57,29.021742999999997,29.175275629166663
False,piano,49,58,29.184786499999998,29.338319129166663
True,piano,49,64,29.34783,29.656253954166665
False,piano,49,45,29.34783,29.656253954166665
False,piano,49,57,29.34783,29.656253954166665
True,piano,49,64,29.673917,29.982340954166663
False,piano,49,57,29.673917,29.827449629166665
False,piano,49,58,29.836960499999996,29.990493129166666
True,piano,49,64,30.000003999999997,30.308427954166664
False,piano,49,45,30.000003999999997,30.308427954166664
False,piano,49,57,30.000003999999997,30.308427954166664
True,piano,49,64,30.326090999999998,30.634514954166665
False,piano,49,57,30.326090999999998,30.479623629166664
False,piano,49,58,30.4891345,30.642667129166664
True,piano,49,67,30.652178,30.805710629166665
False,piano,49,55,30.652178,30.805710629166665
True,piano,49,67,30.815221499999996,30.968754129166665
False,piano,49,57,30.815221499999996,30.968754129166665
True,piano,49,70,30.978264999999997,31.286688954166664
False,piano,49,58,30.978264999999997,31.286688954166664
True,piano,49,72,31.304351999999998,31.612775954166665
True,piano,49,84,31.304351999999998,31.612775954166665
False,piano,49,46,31.304351999999998,31.612775954166665
False,piano,49,53,31.304351999999998,31.612775954166665
True,piano,49,70,31.630439,31.783971629166665
True,piano,49,82,31.630439,31.783971629166665
True,piano,49,70,31.793482499999996,31.947015129166665
True,piano,49,82,31.793482499999996,31.947015129166665
False,piano,49,46,31.793482499999996,32.10190645416667
False,piano,49,53,31.793482499999996,32.10190645416667
True,piano,49,69,31.956525999999997,32.26494995416667
True,piano,49,81,31.956525999999997,32.26494995416667
True,piano,49,72,32.282613,32.59103695416666
True,piano,49,84,32.282613,32.59103695416666
False,piano,49,46,32.282613,32.59103695416666
False,piano,49,53,32.282613,32.59103695416666
True,piano,49,70,32.6087,32.76223262916666
True,piano,49,82,32.6087,32.76223262916666
True,piano,49,70,32.7717435,32.92527612916666
True,piano,49,82,32.7717435,32.92527612916666
True,piano,49,70,32.934787,33.24321095416666
True,piano,49,82,32.934787,33.24321095416666
False,piano,49,46,32.934787,33.24321095416666
False,piano,49,53,32.934787,33.24321095416666
True,piano,49,69,33.260873999999994,33.569297954166665
True,piano,49,81,33.260873999999994,33.569297954166665
False,piano,49,53,33.260873999999994,33.569297954166665
False,piano,49,57,33.260873999999994,33.569297954166665
False,piano,49,60,33.260873999999994,33.569297954166665
False,piano,49,62,33.260873999999994,33.569297954166665
True,piano,49,69,33.586960999999995,33.895384954166666
True,piano,49,65,33.913047999999996,34.22147195416667
False,piano,49,46,33.913047999999996,34.22147195416667
False,piano,49,53,33.913047999999996,34.22147195416667
True,piano,49,64,34.239135,34.39266762916667
True,piano,49,64,34.4021785,34.55571112916667
False,piano,49,46,34.4021785,34.71060245416666
False,piano,49,53,34.4021785,34.71060245416666
True,piano,49,62,34.565222,34.87364595416666
True,piano,49,65,34.891309,35.19973295416666
False,piano,49,46,34.891309,35.19973295416666
False,piano,49,53,34.891309,35.19973295416666
True,piano,49,64,35.217396,35.37092862916666
True,piano,49,64,35.380439499999994,35.53397212916666
True,piano,49,62,35.543482999999995,35.851906954166665
False,piano,49,46,35.543482999999995,35.851906954166665
False,piano,49,53,35.543482999999995,35.851906954166665
True,piano,49,69,35.869569999999996,36.33288527916666
False,piano,49,53,35.869569999999996,36.177993954166666
False,piano,49,57,35.869569999999996,36.177993954166666
False,piano,49,60,35.869569999999996,36.177993954166666
False,piano,49,62,35.869569999999996,36.177993954166666
True,piano,49,69,36.3587005,36.51223312916667
True,piano,49,72,36.521744,36.83016795416666
True,piano,49,84,36.521744,36.83016795416666
False,piano,49,40,36.521744,36.83016795416666
False,piano,49,52,36.521744,36.83016795416666
True,piano,49,70,36.847831,37.00136362916666
True,piano,49,82,36.847831,37.00136362916666
True,piano,49,70,37.0108745,37.16440712916666
True,piano,49,82,37.0108745,37.16440712916666
False,piano,49,43,37.0108745,37.31929845416666
False,piano,49,52,37.0108745,37.31929845416666
True,piano,49,69,37.173918,37.482341954166664
True,piano,49,81,37.173918,37.482341954166664
True,piano,49,72,37.500004999999994,37.808428954166665
True,piano,49,84,37.500004999999994,37.808428954166665
False,piano,49,43,37.500004999999994,37.808428954166665
False,piano,49,52,37.500004999999994,37.808428954166665
True,piano,49,70,37.826091999999996,37.979624629166665
True,piano,49,82,37.826091999999996,37.979624629166665
True,piano,49,70,37.989135499999996,38.142668129166665
True,piano,49,82,37.989135499999996,38.142668129166665
True,piano,49,70,38.152179,38.46060295416667
True,piano,49,82,38.152179,38.46060295416667
False,piano,49,43,38.152179,38.46060295416667
False,piano,49,52,38.152179,38.46060295416667
True,piano,49,69,38.478266,38.78668995416666
True,piano,49,81,38.478266,38.78668995416666
False,piano,49,52,38.478266,38.78668995416666
False,piano,49,55,38.478266,38.78668995416666
False,piano,49,58,38.478266,38.78668995416666
False,piano,49,62,38.478266,38.78668995416666
True,piano,49,64,38.804353,38.95788562916666
True,piano,49,64,38.9673965,39.12092912916666
True,piano,49,67,39.13044,39.28397262916666
False,piano,49,40,39.13044,39.43886395416666
False,piano,49,52,39.13044,39.43886395416666
True,piano,49,69,39.293483499999994,39.44701612916666
True,piano,49,69,39.456526999999994,39.61005962916666
True,piano,49,67,39.619570499999995,39.773103129166664
False,piano,49,40,39.619570499999995,39.927994454166665
False,piano,49,52,39.619570499999995,39.927994454166665
True,piano,49,69,39.782613999999995,39.936146629166664
True,piano,49,69,39.945657499999996,40.099190129166665
True,piano,49,69,40.108700999999996,40.262233629166666
False,piano,49,40,40.108700999999996,40.262233629166666
False,piano,49,52,40.108700999999996,40.262233629166666
True,piano,49,69,40.2717445,40.425277129166666
False,piano,49,28,40.2717445,40.425277129166666
False,piano,49,40,40.2717445,40.425277129166666
True,piano,49,72,40.434788,40.74321195416666
True,piano,49,70,41.086962,41.39538595416666
True,piano,49,69,41.739135999999995,42.35734260416666
False,piano,49,33,41.739135999999995,42.20245127916667
False,piano,49,45,42.2282665,42.69158177916666
True,piano,49,61,42.717397,43.02582095416666
True,piano,49,69,42.717397,43.02582095416666
False,piano,49,40,42.717397,43.18071227916666
True,piano,49,62,43.043484,43.35190795416666
True,piano,49,70,43.043484,43.35190795416666
False,piano,49,38,43.2065275,43.36006012916666
True,piano,49,61,43.36957099999999,43.677994954166664
True,piano,49,69,43.36957099999999,43.677994954166664
False,piano,49,40,43.36957099999999,43.52310362916666
False,piano,49,38,43.532614499999994,43.68614712916666
True,piano,49,62,43.695657999999995,44.004081954166665
True,piano,49,70,43.695657999999995,44.004081954166665
False,piano,49,40,43.695657999999995,44.004081954166665
True,piano,49,61,44.021744999999996,44.330168954166666
True,piano,49,69,44.021744999999996,44.330168954166666
False,piano,49,46,44.021744999999996,44.330168954166666
False,piano,49,33,44.347832,44.81114727916666
True,piano,49,69,44.673919,44.98234295416666
False,piano,49,45,44.8369625,45.30027777916666
True,piano,49,67,45.000006,45.30842995416666
True,piano,49,67,45.32609299999999,45.63451695416666
False,piano,49,40,45.32609299999999,45.789408279166665
True,piano,49,64,45.652179999999994,45.960603954166665
False,piano,49,38,45.815223499999995,45.968756129166664
True,piano,49,64,45.978266999999995,46.286690954166666
False,piano,49,40,45.978266999999995,46.131799629166665
False,piano,49,38,46.141310499999996,46.294843129166665
True,piano,49,62,46.304354,46.61277795416666
False,piano,49,40,46.304354,46.61277795416666
True,piano,49,62,46.630441,46.93886495416666
False,piano,49,46,46.630441,46.93886495416666
True,piano,49,61,46.956528,47.574734604166665
False,piano,49,33,46.956528,47.41984327916666
False,piano,49,45,47.44565849999999,47.908973779166665
True,piano,49,61,47.934788999999995,48.243212954166665
True,piano,49,69,47.934788999999995,48.243212954166665
False,piano,49,40,47.934788999999995,48.39810427916666
True,piano,49,62,48.260875999999996,48.56929995416666
True,piano,49,70,48.260875999999996,48.56929995416666
False,piano,49,38,48.4239195,48.577452129166666
True,piano,49,61,48.586963,48.89538695416666
True,piano,49,69,48.586963,48.89538695416666
False,piano,49,40,48.586963,48.740495629166666
False,piano,49,38,48.7500065,48.90353912916666
True,piano,49,62,48.91305,49.22147395416666
True,piano,49,70,48.91305,49.22147395416666
False,piano,49,40,48.91305,49.22147395416666
True,piano,49,61,49.239137,49.54756095416666
True,piano,49,69,49.239137,49.54756095416666
False,piano,49,46,49.239137,49.54756095416666
False,piano,49,33,49.56522399999999,50.028539279166665
True,piano,49,69,49.891310999999995,50.199734954166665
False,piano,49,45,50.054354499999995,50.51766977916666
True,piano,49,67,50.217397999999996,50.525821954166666
True,piano,49,69,50.543485,50.85190895416666
False,piano,49,40,50.543485,51.00680027916666
True,piano,49,70,50.869572,51.17799595416666
False,piano,49,38,51.0326155,51.18614812916666
True,piano,49,72,51.195659,51.50408295416666
False,piano,49,40,51.195659,51.34919162916666
False,piano,49,38,51.35870249999999,51.51223512916666
True,piano,49,69,51.52174599999999,51.830169954166664
False,piano,49,40,51.52174599999999,51.830169954166664
True,piano,49,67,51.847832999999994,52.156256954166665
False,piano,49,46,51.847832999999994,52.156256954166665
True,piano,49,64,52.173919999999995,52.327452629166665
True,piano,49,69,52.173919999999995,53.41169190416666
False,piano,49,33,52.173919999999995,52.63723527916666
True,piano,49,64,52.336963499999996,52.490496129166665
True,piano,49,67,52.336963499999996,52.490496129166665
True,piano,49,64,52.500007,52.653539629166666
True,piano,49,67,52.500007,52.653539629166666
True,piano,49,64,52.6630505,52.81658312916666
True,piano,49,67,52.6630505,52.81658312916666
False,piano,49,45,52.6630505,53.12636577916666
True,piano,49,64,52.826094,53.13451795416666
True,piano,49,67,52.826094,53.13451795416666
True,piano,49,64,53.152181,53.30571362916666
True,piano,49,67,53.152181,53.30571362916666
False,piano,49,40,53.152181,53.61549627916666
True,piano,49,64,53.3152245,53.46875712916666
True,piano,49,67,53.3152245,53.46875712916666
True,piano,49,64,53.47826799999999,53.78669195416666
True,piano,49,67,53.47826799999999,53.78669195416666
False,piano,49,38,53.64131149999999,53.79484412916666
True,piano,49,64,53.804354999999994,54.112778954166664
True,piano,49,67,53.804354999999994,54.112778954166664
False,piano,49,40,53.804354999999994,53.95788762916666
False,piano,49,38,53.967398499999994,54.120931129166664
True,piano,49,64,54.130441999999995,54.283974629166664
True,piano,49,69,54.130441999999995,54.283974629166664
False,piano,49,40,54.130441999999995,54.438865954166666
True,piano,49,65,54.293485499999996,54.447018129166665
True,piano,49,70,54.293485499999996,54.447018129166665
True,piano,49,64,54.456528999999996,54.610061629166665
True,piano,49,69,54.456528999999996,54.610061629166665
False,piano,49,46,54.456528999999996,54.76495295416666
True,piano,49,65,54.6195725,54.773105129166666
True,piano,49,70,54.6195725,54.773105129166666
False,piano,49,33,54.782616,55.24593127916666
True,piano,49,69,55.108703,55.41712695416666
False,piano,49,45,55.2717465,55.735061779166664
True,piano,49,67,55.43478999999999,55.74321395416666
True,piano,49,65,55.760876999999994,56.069300954166664
False,piano,49,40,55.760876999999994,56.224192279166665
True,piano,49,64,56.086963999999995,56.395387954166665
False,piano,49,38,56.250007499999995,56.403540129166664
True,piano,49,62,56.413050999999996,56.72147495416666
False,piano,49,40,56.413050999999996,56.566583629166665
False,piano,49,38,56.576094499999996,56.729627129166666
True,piano,49,64,56.739138,57.04756195416666
False,piano,49,40,56.739138,57.04756195416666
True,piano,49,65,57.065225,57.37364895416666
False,piano,49,46,57.065225,57.37364895416666
True,piano,49,64,57.391312,58.009518604166665
False,piano,49,33,57.391312,57.854627279166664
False,piano,49,45,57.880442499999994,58.343757779166666
True,piano,49,61,58.369572999999995,58.67799695416666
True,piano,49,69,58.369572999999995,58.67799695416666
False,piano,49,40,58.369572999999995,58.83288827916666
True,piano,49,62,58.69566,59.00408395416666
True,piano,49,70,58.69566,59.00408395416666
False,piano,49,38,58.8587035,59.01223612916666
True,piano,49,61,59.021747,59.33017095416666
True,piano,49,69,59.021747,59.33017095416666
False,piano,49,40,59.021747,59.17527962916666
False,piano,49,38,59.1847905,59.33832312916666
True,piano,49,62,59.347834,59.65625795416666
True,piano,49,70,59.347834,59.65625795416666
False,piano,49,40,59.347834,59.65625795416666
True,piano,49,61,59.67392099999999,59.98234495416666
True,piano,49,69,59.67392099999999,59.98234495416666
False,piano,49,46,59.67392099999999,59.98234495416666
False,piano,49,33,60.000007999999994,60.46332327916666
False,piano,49,40,60.000007999999994,60.46332327916666
True,piano,49,69,60.326094999999995,60.634518954166666
False,piano,49,45,60.489138499999996,60.95245377916666
True,piano,49,67,60.652181999999996,60.96060595416666
True,piano,49,65,60.978269,61.13180162916666
True,piano,49,69,60.978269,61.13180162916666
False,piano,49,40,60.978269,61.44158427916666
True,piano,49,65,61.1413125,61.29484512916666
True,piano,49,69,61.1413125,61.29484512916666
True,piano,49,64,61.304356,61.61277995416666
True,piano,49,69,61.304356,61.61277995416666
True,piano,49,62,61.63044299999999,61.93886695416666
True,piano,49,60,61.956529999999994,62.264953954166664
True,piano,49,58,62.282616999999995,62.591040954166665
False,piano,49,41,62.282616999999995,62.591040954166665
False,piano,49,46,62.282616999999995,62.591040954166665
True,piano,49,57,62.608703999999996,62.91712795416666
False,piano,49,45,62.608703999999996,62.91712795416666
False,piano,49,52,62.608703999999996,62.91712795416666
False,piano,49,50,62.934791,63.08832362916666
False,piano,49,52,63.0978345,63.25136712916666
True,piano,49,69,63.260878,63.491856291666664
False,piano,49,52,63.260878,63.42256280416666
False,piano,49,61,63.260878,63.42256280416666
True,piano,49,70,63.50544324999999,63.581530216666664
True,piano,49,69,63.58696499999999,63.74049762916666
False,piano,49,45,63.58696499999999,63.89538895416666
False,piano,49,52,63.58696499999999,63.89538895416666
True,piano,49,67,63.75000849999999,63.90354112916666
True,piano,49,69,63.91305199999999,64.14403029166667
True,piano,49,70,64.15761725,64.23370421666667
True,piano,49,69,64.239139,64.39267162916666
False,piano,49,45,64.239139,64.54756295416666
False,piano,49,52,64.239139,64.54756295416666
True,piano,49,67,64.4021825,64.55571512916666
True,piano,49,64,64.565226,64.71875862916666
True,piano,49,69,64.565226,64.71875862916666
False,piano,49,52,64.565226,64.72691080416666
False,piano,49,57,64.565226,64.72691080416666
True,piano,49,64,64.7282695,64.88180212916666
True,piano,49,69,64.7282695,64.88180212916666
True,piano,49,64,64.891313,65.04484562916666
True,piano,49,69,64.891313,65.04484562916666
False,piano,49,55,64.891313,65.04484562916666
True,piano,49,64,65.0543565,65.20788912916666
True,piano,49,69,65.0543565,65.20788912916666
False,piano,49,52,65.0543565,65.20788912916666
False,piano,49,45,65.2174,65.52582395416667
False,piano,49,50,65.543487,65.69701962916666
False,piano,49,52,65.7065305,65.86006312916666
True,piano,49,69,65.869574,66.10055229166666
False,piano,49,53,65.869574,66.03125880416667
False,piano,49,57,65.869574,66.03125880416667
True,piano,49,70,66.11413925,66.19022621666666
True,piano,49,69,66.195661,66.34919362916666
False,piano,49,50,66.195661,66.34919362916666
False,piano,49,57,66.195661,66.34919362916666
True,piano,49,67,66.3587045,66.51223712916666
False,piano,49,49,66.3587045,66.51223712916666
True,piano,49,69,66.52174799999999,66.75272629166666
True,piano,49,70,66.76631325,66.84240021666666
True,piano,49,69,66.84783499999999,67.00136762916667
False,piano,49,52,66.84783499999999,67.00951980416666
False,piano,49,58,66.84783499999999,67.00951980416666
True,piano,49,67,67.01087849999999,67.16441112916667
False,piano,49,45,67.17392199999999,67.32745462916667
False,piano,49,46,67.33696549999999,67.49049812916667
True,piano,49,69,67.50000899999999,67.80843295416666
True,piano,49,81,67.50000899999999,67.80843295416666
False,piano,49,49,67.50000899999999,67.65354162916667
False,piano,49,45,67.82609599999999,68.13451995416666
False,piano,49,52,67.82609599999999,68.13451995416666
False,piano,49,50,68.152183,68.30571562916666
False,piano,49,52,68.3152265,68.46875912916666
True,piano,49,69,68.47827,68.70924829166667
False,piano,49,52,68.47827,68.63995480416666
False,piano,49,61,68.47827,68.63995480416666
True,piano,49,70,68.72283524999999,68.79892221666667
True,piano,49,69,68.804357,68.95788962916666
False,piano,49,45,68.804357,69.11278095416667
False,piano,49,52,68.804357,69.11278095416667
True,piano,49,67,68.9674005,69.12093312916666
True,piano,49,69,69.130444,69.36142229166666
True,piano,49,70,69.37500924999999,69.45109621666666
True,piano,49,69,69.456531,69.61006362916666
False,piano,49,45,69.456531,69.76495495416665
False,piano,49,52,69.456531,69.76495495416665
True,piano,49,67,69.6195745,69.77310712916666
True,piano,49,64,69.782618,69.93615062916666
True,piano,49,69,69.782618,69.93615062916666
False,piano,49,52,69.782618,69.94430280416667
False,piano,49,57,69.782618,69.94430280416667
True,piano,49,64,69.9456615,70.09919412916666
True,piano,49,69,69.9456615,70.09919412916666
True,piano,49,64,70.108705,70.26223762916666
True,piano,49,69,70.108705,70.26223762916666
False,piano,49,55,70.108705,70.26223762916666
True,piano,49,64,70.2717485,70.42528112916666
True,piano,49,69,70.2717485,70.42528112916666
False,piano,49,52,70.2717485,70.42528112916666
False,piano,49,33,70.434792,70.89810727916667
False,piano,49,40,70.434792,70.89810727916667
False,piano,49,40,70.92392249999999,71.38723777916667
False,piano,49,45,70.92392249999999,71.38723777916667
False,piano,49,49,70.92392249999999,71.38723777916667
True,piano,49,69,71.08696599999999,71.31794429166666
True,piano,49,70,71.33153125,71.40761821666666
True,piano,49,69,71.41305299999999,71.56658562916667
False,piano,49,49,71.41305299999999,72.03125960416666
False,piano,49,55,71.41305299999999,72.03125960416666
False,piano,49,57,71.41305299999999,72.03125960416666
True,piano,49,67,71.57609649999999,71.72962912916667
True,piano,49,69,71.73913999999999,71.97011829166667
True,piano,49,70,71.98370525,72.05979221666666
True,piano,49,69,72.065227,72.21875962916666
True,piano,49,67,72.2282705,72.38180312916666
True,piano,49,76,72.391314,72.54484662916666
False,piano,49,57,72.391314,72.54484662916666
True,piano,49,71,72.5543575,72.70789012916666
False,piano,49,57,72.5543575,72.70789012916666
True,piano,49,76,72.717401,72.87093362916666
False,piano,49,57,72.717401,72.87093362916666
True,piano,49,69,73.043488,73.66169460416666
False,piano,49,45,73.043488,73.66169460416666
False,piano,49,52,73.043488,73.66169460416666
False,piano,49,57,73.043488,73.66169460416666
True,piano,49,64,73.695662,74.00408595416665
False,piano,49,52,73.695662,74.00408595416665
False,piano,49,57,73.695662,74.00408595416665
True,piano,49,69,74.021749,74.33017295416666
False,piano,49,45,74.021749,74.33017295416666
True,piano,49,64,74.5108795,74.81930345416666
False,piano,49,45,74.67392299999999,74.82745562916666
True,piano,49,65,75.00000999999999,75.23098829166666
False,piano,49,52,75.00000999999999,75.16169480416666
False,piano,49,57,75.00000999999999,75.16169480416666
True,piano,49,67,75.24457525,75.47555354166666
True,piano,49,69,75.48914049999999,75.79756445416666
False,piano,49,45,75.65218399999999,75.96060795416666
True,piano,49,64,75.81522749999999,76.12365145416666
True,piano,49,62,76.1413145,76.29484712916666
True,piano,49,61,76.304358,76.61278195416666
False,piano,49,52,76.304358,76.61278195416666
False,piano,49,57,76.304358,76.61278195416666
True,piano,49,67,76.630445,76.93886895416667
False,piano,49,45,76.630445,76.93886895416667
False,piano,49,52,76.630445,76.93886895416667
True,piano,49,67,77.282619,77.59104295416667
False,piano,49,45,77.282619,77.59104295416667
False,piano,49,52,77.282619,77.59104295416667
True,piano,49,67,77.608706,77.76223862916666
False,piano,49,52,77.608706,77.77039080416667
False,piano,49,57,77.608706,77.77039080416667
True,piano,49,64,77.7717495,77.92528212916666
True,piano,49,67,77.934793,78.39810827916666
False,piano,49,45,78.26088,78.56930395416666
True,piano,49,67,78.4239235,78.57745612916666
True,piano,49,69,78.58696699999999,78.74049962916666
True,piano,49,67,78.75001049999999,78.90354312916666
True,piano,49,64,78.91305399999999,79.22147795416666
False,piano,49,52,78.91305399999999,79.22147795416666
False,piano,49,57,78.91305399999999,79.22147795416666
True,piano,49,69,79.23914099999999,79.54756495416666
False,piano,49,45,79.23914099999999,79.54756495416666
True,piano,49,64,79.72827149999999,80.03669545416666
False,piano,49,45,79.89131499999999,80.04484762916665
True,piano,49,67,80.05435849999999,80.20789112916665
True,piano,49,72,80.21740199999999,80.52582595416666
False,piano,49,52,80.21740199999999,80.37908680416666
False,piano,49,57,80.21740199999999,80.37908680416666
True,piano,49,67,80.543489,80.85191295416666
True,piano,49,67,80.869576,81.17799995416667
False,piano,49,45,80.869576,81.17799995416667
True,piano,49,69,81.195663,81.50408695416667
True,piano,49,69,81.52175,81.67528262916666
False,piano,49,52,81.52175,81.83017395416665
False,piano,49,57,81.52175,81.83017395416665
True,piano,49,67,81.6847935,81.83832612916666
True,piano,49,64,81.847837,82.00136962916666
False,piano,49,45,81.847837,82.15626095416665
True,piano,49,69,82.0108805,82.31930445416666
False,piano,49,58,82.500011,82.65354362916666
False,piano,49,57,82.66305449999999,82.81658712916666
True,piano,49,69,82.82609799999999,83.44430460416666
True,piano,49,81,82.82609799999999,83.44430460416666
False,piano,49,52,82.82609799999999,82.98778280416666
False,piano,49,57,82.82609799999999,82.98778280416666
True,piano,49,57,83.47827199999999,83.78669595416666
True,piano,49,64,83.47827199999999,83.78669595416666
False,piano,49,45,83.47827199999999,83.78669595416666
True,piano,49,57,83.80435899999999,83.95789162916667
True,piano,49,64,83.80435899999999,83.95789162916667
False,piano,49,43,83.80435899999999,84.11278295416666
True,piano,49,57,83.96740249999999,84.12093512916665
True,piano,49,64,83.96740249999999,84.12093512916665
True,piano,49,61,84.13044599999999,84.43886995416666
True,piano,49,69,84.13044599999999,84.43886995416666
False,piano,49,41,84.13044599999999,84.43886995416666
True,piano,49,61,84.456533,84.76495695416666
True,piano,49,69,84.456533,84.76495695416666
False,piano,49,38,84.456533,84.76495695416666
True,piano,49,64,84.78262,85.09104395416666
True,piano,49,69,84.78262,85.09104395416666
False,piano,49,41,84.78262,85.09104395416666
True,piano,49,64,85.108707,85.26223962916666
True,piano,49,69,85.108707,85.26223962916666
False,piano,49,40,85.108707,85.41713095416667
True,piano,49,64,85.2717505,85.42528312916666
True,piano,49,69,85.2717505,85.42528312916666
True,piano,49,64,85.434794,85.74321795416667
True,piano,49,69,85.434794,85.74321795416667
False,piano,49,38,85.434794,85.74321795416667
True,piano,49,67,86.086968,86.39539195416666
True,piano,49,72,86.086968,86.39539195416666
False,piano,49,43,86.086968,86.24050062916666
False,piano,49,45,86.2500115,86.40354412916666
True,piano,49,65,86.413055,86.56658762916666
True,piano,49,70,86.413055,86.56658762916666
False,piano,49,43,86.413055,86.72147895416666
True,piano,49,65,86.5760985,86.72963112916666
True,piano,49,70,86.5760985,86.72963112916666
True,piano,49,64,86.73914199999999,86.89267462916666
True,piano,49,69,86.73914199999999,86.89267462916666
False,piano,49,41,86.73914199999999,87.04756595416666
True,piano,49,64,86.90218549999999,87.05571812916666
True,piano,49,69,86.90218549999999,87.05571812916666
True,piano,49,62,87.06522899999999,87.21876162916666
True,piano,49,67,87.06522899999999,87.21876162916666
False,piano,49,40,87.06522899999999,87.37365295416666
True,piano,49,62,87.22827249999999,87.38180512916666
True,piano,49,67,87.22827249999999,87.38180512916666
True,piano,49,61,87.39131599999999,87.69973995416666
True,piano,49,64,87.39131599999999,87.69973995416666
False,piano,49,41,87.39131599999999,87.69973995416666
True,piano,49,62,87.71740299999999,87.87093562916667
True,piano,49,65,87.71740299999999,87.87093562916667
False,piano,49,40,87.71740299999999,88.02582695416666
True,piano,49,61,87.88044649999999,88.03397912916667
True,piano,49,64,87.88044649999999,88.03397912916667
True,piano,49,64,88.04348999999999,88.24865307083333
True,piano,49,67,88.26088133333333,88.46604440416667
True,piano,49,69,88.47827266666665,88.68343573749999
False,piano,49,45,88.695664,89.00408795416666
False,piano,49,50,88.695664,89.00408795416666
True,piano,49,71,88.8587075,89.16713145416666
False,piano,49,50,89.021751,89.33017495416667
False,piano,49,45,89.347838,89.65626195416667
False,piano,49,50,89.347838,89.65626195416667
True,piano,49,71,89.673925,90.29213160416666
False,piano,49,50,89.673925,89.98234895416665
False,piano,49,45,90.000012,90.30843595416665
False,piano,49,50,90.000012,90.30843595416665
True,piano,49,67,90.326099,90.63452295416666
False,piano,49,50,90.326099,90.63452295416666
True,piano,49,67,90.65218599999999,90.85734907083332
False,piano,49,52,90.65218599999999,90.96060995416666
True,piano,49,67,90.86957733333332,91.07474040416666
False,piano,49,53,90.97827299999999,91.28669695416666
True,piano,49,67,91.08696866666666,91.2921317375
True,piano,49,69,91.30435999999999,91.92256660416666
True,piano,49,74,91.30435999999999,91.92256660416666
False,piano,49,45,91.30435999999999,91.61278395416666
False,piano,49,53,91.30435999999999,91.61278395416666
False,piano,49,45,91.63044699999999,91.93887095416666
False,piano,49,53,91.63044699999999,91.93887095416666
False,piano,49,41,91.95653399999999,92.26495795416666
False,piano,49,53,91.95653399999999,92.26495795416666
True,piano,49,76,92.28262099999999,92.59104495416666
False,piano,49,41,92.28262099999999,92.59104495416666
False,piano,49,53,92.28262099999999,92.59104495416666
True,piano,49,77,92.608708,92.76224062916666
False,piano,49,43,92.608708,92.91713195416666
False,piano,49,52,92.608708,92.91713195416666
True,piano,49,76,92.7717515,92.92528412916666
True,piano,49,74,92.934795,93.24321895416666
False,piano,49,43,92.934795,93.24321895416666
False,piano,49,52,92.934795,93.24321895416666
True,piano,49,76,93.260882,93.41441462916666
False,piano,49,40,93.260882,93.56930595416667
False,piano,49,52,93.260882,93.56930595416667
True,piano,49,74,93.4239255,93.57745812916666
True,piano,49,73,93.586969,93.89539295416665
False,piano,49,40,93.586969,93.89539295416665
False,piano,49,52,93.586969,93.89539295416665
True,piano,49,72,93.913056,94.22147995416665
True,piano,49,84,93.913056,94.22147995416665
False,piano,49,46,93.913056,94.22147995416665
False,piano,49,53,93.913056,94.22147995416665
True,piano,49,70,94.239143,94.39267562916666
True,piano,49,82,94.239143,94.39267562916666
True,piano,49,70,94.4021865,94.55571912916666
True,piano,49,82,94.4021865,94.55571912916666
False,piano,49,46,94.4021865,94.71061045416666
False,piano,49,53,94.4021865,94.71061045416666
True,piano,49,69,94.56523,94.87365395416666
True,piano,49,81,94.56523,94.87365395416666
True,piano,49,72,94.89131699999999,95.19974095416666
True,piano,49,84,94.89131699999999,95.19974095416666
False,piano,49,46,94.89131699999999,95.19974095416666
False,piano,49,53,94.89131699999999,95.19974095416666
True,piano,49,70,95.21740399999999,95.37093662916666
True,piano,49,82,95.21740399999999,95.37093662916666
True,piano,49,70,95.38044749999999,95.53398012916666
True,piano,49,82,95.38044749999999,95.53398012916666
True,piano,49,70,95.54349099999999,95.85191495416666
True,piano,49,82,95.54349099999999,95.85191495416666
False,piano,49,46,95.54349099999999,95.85191495416666
False,piano,49,53,95.54349099999999,95.85191495416666
True,piano,49,69,95.86957799999999,96.17800195416666
True,piano,49,81,95.86957799999999,96.17800195416666
False,piano,49,53,95.86957799999999,96.17800195416666
False,piano,49,57,95.86957799999999,96.17800195416666
False,piano,49,60,95.86957799999999,96.17800195416666
False,piano,49,62,95.86957799999999,96.17800195416666
True,piano,49,69,96.19566499999999,96.50408895416666
True,piano,49,65,96.52175199999999,96.83017595416666
False,piano,49,46,96.52175199999999,96.83017595416666
False,piano,49,53,96.52175199999999,96.83017595416666
True,piano,49,64,96.847839,97.00137162916666
True,piano,49,64,97.0108825,97.16441512916666
False,piano,49,46,97.0108825,97.31930645416666
False,piano,49,53,97.0108825,97.31930645416666
True,piano,49,62,97.173926,97.48234995416666
True,piano,49,65,97.500013,97.80843695416667
False,piano,49,46,97.500013,97.80843695416667
False,piano,49,53,97.500013,97.80843695416667
True,piano,49,64,97.8261,97.97963262916666
True,piano,49,64,97.9891435,98.14267612916666
True,piano,49,62,98.152187,98.46061095416665
False,piano,49,46,98.152187,98.46061095416665
False,piano,49,53,98.152187,98.46061095416665
True,piano,49,69,98.478274,98.94158927916666
False,piano,49,53,98.478274,98.78669795416666
False,piano,49,57,98.478274,98.78669795416666
False,piano,49,60,98.478274,98.78669795416666
False,piano,49,62,98.478274,98.78669795416666
True,piano,49,69,98.96740449999999,99.12093712916666
True,piano,49,72,99.13044799999999,99.43887195416666
True,piano,49,84,99.13044799999999,99.43887195416666
False,piano,49,40,99.13044799999999,99.43887195416666
False,piano,49,52,99.13044799999999,99.43887195416666
True,piano,49,70,99.45653499999999,99.61006762916666
True,piano,49,82,99.45653499999999,99.61006762916666
True,piano,49,70,99.61957849999999,99.77311112916667
True,piano,49,82,99.61957849999999,99.77311112916667
False,piano,49,43,99.61957849999999,99.92800245416666
False,piano,49,52,99.61957849999999,99.92800245416666
True,piano,49,69,99.78262199999999,100.09104595416666
True,piano,49,81,99.78262199999999,100.09104595416666
True,piano,49,72,100.10870899999999,100.41713295416666
True,piano,49,84,100.10870899999999,100.41713295416666
False,piano,49,43,100.10870899999999,100.41713295416666
False,piano,49,52,100.10870899999999,100.41713295416666
True,piano,49,70,100.43479599999999,100.58832862916665
True,piano,49,82,100.43479599999999,100.58832862916665
True,piano,49,70,100.59783949999999,100.75137212916665
True,piano,49,82,100.59783949999999,100.75137212916665
True,piano,49,70,100.76088299999999,101.06930695416666
True,piano,49,82,100.76088299999999,101.06930695416666
False,piano,49,43,100.76088299999999,101.06930695416666
False,piano,49,52,100.76088299999999,101.06930695416666
True,piano,49,69,101.08697,101.39539395416666
True,piano,49,81,101.08697,101.39539395416666
False,piano,49,52,101.08697,101.39539395416666
False,piano,49,55,101.08697,101.39539395416666
False,piano,49,58,101.08697,101.39539395416666
False,piano,49,62,101.08697,101.39539395416666
True,piano,49,64,101.413057,101.56658962916666
True,piano,49,64,101.5761005,101.72963312916666
True,piano,49,67,101.739144,101.89267662916666
False,piano,49,40,101.739144,102.04756795416665
False,piano,49,52,101.739144,102.04756795416665
True,piano,49,69,101.9021875,102.05572012916666
True,piano,49,69,102.065231,102.21876362916666
True,piano,49,67,102.2282745,102.38180712916666
False,piano,49,40,102.2282745,102.53669845416665
False,piano,49,52,102.2282745,102.53669845416665
True,piano,49,69,102.391318,102.54485062916666
True,piano,49,69,102.5543615,102.70789412916666
True,piano,49,69,102.71740499999999,102.87093762916666
False,piano,49,40,102.71740499999999,102.87093762916666
False,piano,49,52,102.71740499999999,102.87093762916666
True,piano,49,69,102.88044849999999,103.03398112916666
False,piano,49,28,102.88044849999999,103.03398112916666
False,piano,49,40,102.88044849999999,103.03398112916666
True,piano,49,72,103.04349199999999,103.35191595416666
True,piano,49,70,103.69566599999999,104.00408995416666
True,piano,49,69,104.34783999999999,104.96604660416666
False,piano,49,33,104.34783999999999,104.81115527916666
False,piano,49,45,104.83697049999999,105.30028577916666
True,piano,49,61,105.326101,105.63452495416666
True,piano,49,69,105.326101,105.63452495416666
False,piano,49,40,105.326101,105.78941627916666
True,piano,49,62,105.652188,105.96061195416667
True,piano,49,70,105.652188,105.96061195416667
False,piano,49,38,105.8152315,105.96876412916666
True,piano,49,61,105.978275,106.28669895416665
True,piano,49,69,105.978275,106.28669895416665
False,piano,49,40,105.978275,106.13180762916666
False,piano,49,38,106.1413185,106.29485112916666
True,piano,49,62,106.304362,106.61278595416665
True,piano,49,70,106.304362,106.61278595416665
False,piano,49,40,106.304362,106.61278595416665
True,piano,49,61,106.630449,106.93887295416665
True,piano,49,69,106.630449,106.93887295416665
False,piano,49,46,106.630449,106.93887295416665
False,piano,49,33,106.95653599999999,107.41985127916666
True,piano,49,69,107.28262299999999,107.59104695416666
False,piano,49,45,107.44566649999999,107.90898177916665
True,piano,49,67,107.60870999999999,107.91713395416666
True,piano,49,67,107.93479699999999,108.24322095416666
False,piano,49,40,107.93479699999999,108.39811227916665
True,piano,49,64,108.26088399999999,108.56930795416666
False,piano,49,38,108.42392749999999,108.57746012916665
True,piano,49,64,108.58697099999999,108.89539495416666
False,piano,49,40,108.58697099999999,108.74050362916665
False,piano,49,38,108.75001449999999,108.90354712916665
True,piano,49,62,108.91305799999999,109.22148195416666
False,piano,49,40,108.91305799999999,109.22148195416666
True,piano,49,62,109.239145,109.54756895416666
False,piano,49,46,109.239145,109.54756895416666
True,piano,49,61,109.565232,110.18343860416665
False,piano,49,33,109.565232,110.02854727916666
False,piano,49,45,110.0543625,110.51767777916666
True,piano,49,61,110.543493,110.85191695416665
True,piano,49,69,110.543493,110.85191695416665
False,piano,49,40,110.543493,111.00680827916666
True,piano,49,62,110.86957999999998,111.17800395416666
True,piano,49,70,110.86957999999998,111.17800395416666
False,piano,49,38,111.03262349999999,111.18615612916666
True,piano,49,61,111.19566699999999,111.50409095416666
True,piano,49,69,111.19566699999999,111.50409095416666
False,piano,49,40,111.19566699999999,111.34919962916666
False,piano,49,38,111.35871049999999,111.51224312916666
True,piano,49,62,111.52175399999999,111.83017795416666
True,piano,49,70,111.52175399999999,111.83017795416666
False,piano,49,40,111.52175399999999,111.83017795416666
True,piano,49,61,111.84784099999999,112.15626495416666
True,piano,49,69,111.84784099999999,112.15626495416666
False,piano,49,46,111.84784099999999,112.15626495416666
False,piano,49,33,112.17392799999999,112.63724327916665
True,piano,49,69,112.50001499999999,112.80843895416666
False,piano,49,45,112.66305849999999,113.12637377916666
True,piano,49,67,112.82610199999999,113.13452595416666
True,piano,49,69,113.15218899999999,113.46061295416666
False,piano,49,40,113.15218899999999,113.61550427916666
True,piano,49,70,113.478276,113.78669995416666
False,piano,49,38,113.6413195,113.79485212916666
True,piano,49,72,113.804363,114.11278695416665
False,piano,49,40,113.804363,113.95789562916666
False,piano,49,38,113.9674065,114.12093912916666
True,piano,49,69,114.13045,114.43887395416665
False,piano,49,40,114.13045,114.43887395416665
True,piano,49,67,114.456537,114.76496095416665
False,piano,49,46,114.456537,114.76496095416665
True,piano,49,64,114.782624,114.93615662916666
True,piano,49,69,114.782624,116.02039590416666
False,piano,49,33,114.782624,115.24593927916666
True,piano,49,64,114.94566749999998,115.09920012916666
True,piano,49,67,114.94566749999998,115.09920012916666
True,piano,49,64,115.10871099999999,115.26224362916666
True,piano,49,67,115.10871099999999,115.26224362916666
True,piano,49,64,115.27175449999999,115.42528712916666
True,piano,49,67,115.27175449999999,115.42528712916666
False,piano,49,45,115.27175449999999,115.73506977916666
True,piano,49,64,115.43479799999999,115.74322195416666
True,piano,49,67,115.43479799999999,115.74322195416666
True,piano,49,64,115.76088499999999,115.91441762916666
True,piano,49,67,115.76088499999999,115.91441762916666
False,piano,49,40,115.76088499999999,116.22420027916665
True,piano,49,64,115.92392849999999,116.07746112916666
True,piano,49,67,115.92392849999999,116.07746112916666
True,piano,49,64,116.08697199999999,116.39539595416666
True,piano,49,67,116.08697199999999,116.39539595416666
False,piano,49,38,116.25001549999999,116.40354812916665
True,piano,49,64,116.41305899999999,116.72148295416666
True,piano,49,67,116.41305899999999,116.72148295416666
False,piano,49,40,116.41305899999999,116.56659162916665
False,piano,49,38,116.57610249999999,116.72963512916665
True,piano,49,64,116.73914599999999,116.89267862916665
True,piano,49,69,116.73914599999999,116.89267862916665
False,piano,49,40,116.73914599999999,117.04756995416666
True,piano,49,65,116.90218949999999,117.05572212916665
True,piano,49,70,116.90218949999999,117.05572212916665
True,piano,49,64,117.06523299999999,117.21876562916665
True,piano,49,69,117.06523299999999,117.21876562916665
False,piano,49,46,117.06523299999999,117.37365695416666
True,piano,49,65,117.22827649999999,117.38180912916665
True,piano,49,70,117.22827649999999,117.38180912916665
False,piano,49,33,117.39132,117.85463527916666
True,piano,49,69,117.717407,118.02583095416666
False,piano,49,45,117.8804505,118.34376577916666
True,piano,49,67,118.043494,118.35191795416665
True,piano,49,65,118.369581,118.67800495416665
False,piano,49,40,118.369581,118.83289627916666
True,piano,49,64,118.695668,119.00409195416665
False,piano,49,38,118.85871149999998,119.01224412916666
True,piano,49,62,119.02175499999998,119.33017895416666
False,piano,49,40,119.02175499999998,119.17528762916666
False,piano,49,38,119.18479849999999,119.33833112916666
True,piano,49,64,119.34784199999999,119.65626595416666
False,piano,49,40,119.34784199999999,119.65626595416666
True,piano,49,65,119.67392899999999,119.98235295416666
False,piano,49,46,119.67392899999999,119.98235295416666
True,piano,49,64,120.00001599999999,120.61822260416666
False,piano,49,33,120.00001599999999,120.46333127916665
False,piano,49,45,120.48914649999999,120.95246177916665
True,piano,49,61,120.97827699999999,121.28670095416666
True,piano,49,69,120.97827699999999,121.28670095416666
False,piano,49,40,120.97827699999999,121.44159227916666
True,piano,49,62,121.30436399999999,121.61278795416666
True,piano,49,70,121.30436399999999,121.61278795416666
False,piano,49,38,121.4674075,121.62094012916666
True,piano,49,61,121.630451,121.93887495416666
True,piano,49,69,121.630451,121.93887495416666
False,piano,49,40,121.630451,121.78398362916666
False,piano,49,38,121.7934945,121.94702712916666
True,piano,49,62,121.956538,122.26496195416665
True,piano,49,70,121.956538,122.26496195416665
False,piano,49,40,121.956538,122.26496195416665
True,piano,49,61,122.282625,122.59104895416665
True,piano,49,69,122.282625,122.59104895416665
False,piano,49,46,122.282625,122.59104895416665
False,piano,49,33,122.608712,123.07202727916666
False,piano,49,40,122.608712,123.07202727916666
True,piano,49,69,122.93479899999998,123.24322295416665
False,piano,49,45,123.09784249999998,123.56115777916666
True,piano,49,67,123.26088599999999,123.56930995416666
True,piano,49,65,123.58697299999999,123.74050562916666
False,piano,49,40,123.58697299999999,124.05028827916665
True,piano,49,65,123.75001649999999,123.90354912916666
True,piano,49,64,123.91305999999999,124.22148395416666
True,piano,49,62,124.23914699999999,124.54757095416666
True,piano,49,60,124.56523399999999,124.87365795416666
True,piano,49,58,124.89132099999999,125.19974495416666
False,piano,49,41,124.89132099999999,125.19974495416666
False,piano,49,46,124.89132099999999,125.19974495416666
True,piano,49,61,125.21740799999999,125.83561460416665
False,piano,49,45,125.21740799999999,125.83561460416665
False,piano,49,52,125.21740799999999,125.83561460416665
False,piano,49,57,125.21740799999999,125.83561460416665
True,piano,49,69,125.869582,126.10056029166665
False,piano,49,57,125.869582,126.10056029166665
True,piano,49,70,126.11414724999999,126.19023421666665
False,piano,49,58,126.11414724999999,126.19023421666665
True,piano,49,69,126.195669,126.34920162916666
False,piano,49,57,126.195669,126.34920162916666
True,piano,49,67,126.3587125,126.51224512916666
False,piano,49,55,126.3587125,126.51224512916666
True,piano,49,69,126.521756,126.75273429166666
False,piano,49,57,126.521756,126.75273429166666
True,piano,49,70,126.76632124999999,126.84240821666666
False,piano,49,58,126.76632124999999,126.84240821666666
True,piano,49,69,126.847843,127.00137562916666
False,piano,49,57,126.847843,127.00137562916666
True,piano,49,67,127.01088649999998,127.16441912916666
False,piano,49,55,127.01088649999998,127.16441912916666
True,piano,49,64,127.17392999999998,127.32746262916666
True,piano,49,69,127.17392999999998,127.32746262916666
False,piano,49,57,127.17392999999998,127.32746262916666
True,piano,49,64,127.33697349999998,127.49050612916666
True,piano,49,69,127.33697349999998,127.49050612916666
False,piano,49,57,127.33697349999998,127.49050612916666
True,piano,49,64,127.50001699999999,127.65354962916666
True,piano,49,69,127.50001699999999,127.65354962916666
False,piano,49,57,127.50001699999999,127.65354962916666
True,piano,49,64,127.66306049999999,127.81659312916666
True,piano,49,69,127.66306049999999,127.81659312916666
False,piano,49,57,127.66306049999999,127.81659312916666
True,piano,49,69,127.82610399999999,128.44431060416665
False,piano,49,38,127.82610399999999,128.44431060416665
False,piano,49,45,127.82610399999999,128.44431060416665
False,piano,49,50,128.478278,128.78670195416666
False,piano,49,53,128.478278,128.78670195416666
False,piano,49,53,128.804365,129.42257160416665
False,piano,49,57,128.804365,129.42257160416665
False,piano,49,60,128.804365,129.42257160416665
True,piano,49,69,129.130452,129.3356150708333
True,piano,49,69,129.34784333333332,129.55300640416667
False,piano,49,53,129.456539,129.76496295416666
False,piano,49,57,129.456539,129.76496295416666
True,piano,49,69,129.56523466666667,129.7703977375
True,piano,49,69,129.782626,129.98778907083332
False,piano,49,48,129.782626,130.40083260416665
False,piano,49,53,129.782626,130.40083260416665
True,piano,49,67,130.00001733333332,130.20518040416667
True,piano,49,69,130.21740866666667,130.4225717375
True,piano,49,71,130.4348,130.74322395416667
False,piano,49,40,130.4348,131.05300660416665
False,piano,49,47,130.4348,131.05300660416665
True,piano,49,69,130.760887,131.06931095416667
False,piano,49,52,131.086974,131.39539795416667
False,piano,49,55,131.086974,131.39539795416667
False,piano,49,55,131.413061,132.03126760416666
False,piano,49,59,131.413061,132.03126760416666
False,piano,49,62,131.413061,132.03126760416666
True,piano,49,71,131.739148,131.94431107083332
True,piano,49,72,131.95653933333332,132.16170240416665
False,piano,49,55,132.065235,132.37365895416664
False,piano,49,59,132.065235,132.37365895416664
True,piano,49,71,132.17393066666665,132.3790937375
True,piano,49,71,132.391322,132.59648507083332
False,piano,49,50,132.391322,133.00952860416666
False,piano,49,55,132.391322,133.00952860416666
True,piano,49,69,132.60871333333333,132.81387640416665
True,piano,49,67,132.82610466666665,133.0312677375
True,piano,49,64,133.04349599999998,133.35191995416665
False,piano,49,38,133.04349599999998,133.66170260416666
False,piano,49,45,133.04349599999998,133.66170260416666
True,piano,49,67,133.36958299999998,133.52311562916665
True,piano,49,69,133.5326265,133.84105045416666
False,piano,49,50,133.69566999999998,134.00409395416665
False,piano,49,53,133.69566999999998,134.00409395416665
True,piano,49,71,133.8587135,134.16713745416666
False,piano,49,53,134.02175699999998,134.63996360416667
False,piano,49,57,134.02175699999998,134.63996360416667
False,piano,49,60,134.02175699999998,134.63996360416667
True,piano,49,69,134.1848005,134.64811577916666
True,piano,49,67,134.67393099999998,134.98235495416665
False,piano,49,53,134.67393099999998,134.98235495416665
False,piano,49,57,134.67393099999998,134.98235495416665
False,piano,49,48,135.00001799999998,135.61822460416667
False,piano,49,53,135.00001799999998,135.61822460416667
True,piano,49,67,135.32610499999998,135.63452895416665
True,piano,49,64,135.65219199999999,135.96061595416666
False,piano,49,40,135.65219199999999,136.27039860416664
False,piano,49,47,135.65219199999999,136.27039860416664
True,piano,49,67,135.978279,136.13181162916666
True,piano,49,69,136.1413225,136.44974645416664
False,piano,49,52,136.304366,136.61278995416666
False,piano,49,55,136.304366,136.61278995416666
True,piano,49,71,136.4674095,136.77583345416664
False,piano,49,55,136.630453,137.24865960416665
False,piano,49,59,136.630453,137.24865960416665
False,piano,49,62,136.630453,137.24865960416665
True,piano,49,69,136.7934965,137.25681177916667
True,piano,49,67,137.282627,137.59105095416666
False,piano,49,55,137.282627,137.59105095416666
False,piano,49,59,137.282627,137.59105095416666
True,piano,49,74,137.608714,137.91713795416666
False,piano,49,50,137.608714,138.22692060416665
False,piano,49,55,137.608714,138.22692060416665
True,piano,49,74,137.934801,138.08833362916667
True,piano,49,74,138.09784449999998,138.56115977916664
False,piano,49,38,138.260888,138.56931195416666
False,piano,49,45,138.260888,138.56931195416666
True,piano,49,67,138.586975,138.89539895416667
False,piano,49,45,138.586975,138.74050762916664
False,piano,49,48,138.75001849999998,138.90355112916666
True,piano,49,74,138.913062,139.37637727916666
False,piano,49,50,138.913062,139.22148595416667
False,piano,49,53,138.913062,139.22148595416667
False,piano,49,53,139.239149,139.85735560416666
False,piano,49,57,139.239149,139.85735560416666
False,piano,49,60,139.239149,139.85735560416666
True,piano,49,76,139.40219249999998,139.71061645416665
True,piano,49,74,139.72827949999999,140.03670345416666
False,piano,49,45,139.891323,140.19974695416667
False,piano,49,50,139.891323,140.19974695416667
True,piano,49,74,140.21741,140.52583395416664
False,piano,49,50,140.21741,140.83561660416666
False,piano,49,53,140.21741,140.83561660416666
True,piano,49,74,140.543497,140.69702962916665
True,piano,49,74,140.7065405,141.16985577916665
False,piano,49,40,140.869584,141.17800795416665
False,piano,49,47,140.869584,141.17800795416665
True,piano,49,67,141.19567099999998,141.50409495416665
False,piano,49,47,141.19567099999998,141.34920362916665
False,piano,49,50,141.3587145,141.51224712916667
True,piano,49,74,141.52175799999998,141.98507327916667
False,piano,49,50,141.52175799999998,141.83018195416665
False,piano,49,55,141.52175799999998,141.83018195416665
False,piano,49,52,141.84784499999998,142.46605160416667
False,piano,49,55,141.84784499999998,142.46605160416667
False,piano,49,62,141.84784499999998,142.46605160416667
True,piano,49,76,142.0108885,142.31931245416666
True,piano,49,74,142.3369755,142.64539945416666
False,piano,49,47,142.50001899999998,142.80844295416665
False,piano,49,52,142.50001899999998,142.80844295416665
False,piano,49,52,142.82610599999998,143.44431260416667
False,piano,49,55,142.82610599999998,143.44431260416667
True,piano,49,72,143.15219299999998,143.46061695416665
True,piano,49,74,143.47827999999998,143.68344307083333
False,piano,49,45,143.47827999999998,144.09648660416664
False,piano,49,50,143.47827999999998,144.09648660416664
False,piano,49,53,143.47827999999998,144.09648660416664
False,piano,49,60,143.47827999999998,144.09648660416664
True,piano,49,72,143.6956713333333,143.90083440416666
True,piano,49,71,143.91306266666666,144.11822573749998
True,piano,49,72,144.130454,144.33561707083334
False,piano,49,50,144.130454,144.43887795416666
False,piano,49,53,144.130454,144.43887795416666
True,piano,49,71,144.3478453333333,144.55300840416666
False,piano,49,45,144.456541,144.76496495416666
False,piano,49,50,144.456541,144.76496495416666
True,piano,49,69,144.56523666666666,144.7703997375
True,piano,49,71,144.782628,144.9877910708333
False,piano,49,47,144.782628,145.40083460416665
False,piano,49,52,144.782628,145.40083460416665
False,piano,49,55,144.782628,145.40083460416665
True,piano,49,69,145.0000193333333,145.20518240416666
True,piano,49,67,145.21741066666667,145.4225737375
True,piano,49,67,145.434802,145.74322595416666
False,piano,49,50,145.434802,146.05300860416665
False,piano,49,55,145.434802,146.05300860416665
False,piano,49,59,145.434802,146.05300860416665
True,piano,49,67,145.760889,146.06931295416666
True,piano,49,62,146.086976,146.39539995416666
False,piano,49,43,146.086976,146.70518260416665
False,piano,49,50,146.086976,146.70518260416665
False,piano,49,55,146.086976,146.70518260416665
True,piano,49,67,146.413063,146.72148695416666
True,piano,49,67,146.73915,147.04757395416667
False,piano,49,50,146.73915,147.04757395416667
False,piano,49,59,146.73915,147.04757395416667
True,piano,49,67,147.065237,147.37366095416667
False,piano,49,50,147.065237,147.37366095416667
False,piano,49,55,147.065237,147.37366095416667
True,piano,49,69,147.391324,147.69974795416667
False,piano,49,43,147.391324,148.62909590416666
False,piano,49,50,147.391324,148.62909590416666
False,piano,49,57,147.391324,148.62909590416666
True,piano,49,69,147.717411,148.02583495416667
True,piano,49,69,148.043498,148.35192195416664
True,piano,49,74,148.369585,148.67800895416664
True,piano,49,64,148.695672,149.34784599999998
True,piano,49,73,148.695672,149.93344390416667
False,piano,49,45,148.695672,149.31387860416666
False,piano,49,52,148.695672,149.31387860416666
False,piano,49,57,148.695672,149.31387860416666
False,piano,49,64,149.34784599999998,149.93344390416667
False,piano,49,62,149.5108895,149.66442212916667
False,piano,49,60,149.67393299999998,149.82746562916665
False,piano,49,59,149.8369765,149.99050912916667
False,piano,49,57,150.00001999999998,150.15355262916665
False,piano,49,55,150.1630635,150.31659612916667
False,piano,49,53,150.32610699999998,150.47963962916666
False,piano,49,52,150.4891505,150.64268312916664
True,piano,49,69,150.65219399999998,151.27040060416667
True,piano,49,73,150.65219399999998,151.27040060416667
True,piano,49,81,150.65219399999998,151.27040060416667
False,piano,49,50,150.65219399999998,150.80572662916666
False,piano,49,49,150.8152375,150.96877012916664
False,piano,49,46,150.97828099999998,151.13181362916666
False,piano,49,45,151.1413245,151.29485712916664
False,piano,49,52,151.1413245,151.29485712916664
False,piano,49,33,151.30436799999998,151.61279195416665
False,piano,49,40,151.30436799999998,151.61279195416665
False,piano,49,45,151.30436799999998,151.61279195416665
False,piano,49,33,151.63045499999998,151.93887895416665
False,piano,49,40,151.63045499999998,151.93887895416665
True,piano,49,57,151.95654199999998,152.11007462916666
False,piano,49,40,151.95654199999998,152.26496595416666
False,piano,49,45,151.95654199999998,152.26496595416666
True,piano,49,58,152.1195855,152.27311812916665
True,piano,49,57,152.282629,152.59105295416666
False,piano,49,33,152.282629,152.43616162916666
False,piano,49,40,152.4456725,152.59920512916665
False,piano,49,45,152.4456725,152.59920512916665
True,piano,49,57,152.608716,152.76224862916666
True,piano,49,58,152.7717595,152.92529212916665
False,piano,49,40,152.7717595,153.08018345416664
False,piano,49,45,152.7717595,153.08018345416664
True,piano,49,57,152.934803,153.24322695416666
False,piano,49,33,153.09784649999997,153.25137912916665
True,piano,49,57,153.26089,153.41442262916667
False,piano,49,40,153.26089,153.56931395416666
False,piano,49,45,153.26089,153.56931395416666
True,piano,49,58,153.42393349999998,153.57746612916665
True,piano,49,57,153.586977,153.89540095416666
False,piano,49,33,153.586977,153.89540095416666
False,piano,49,45,153.913064,154.22148795416666
False,piano,49,52,153.913064,154.22148795416666
False,piano,49,57,153.913064,154.22148795416666
True,piano,49,70,154.239151,154.54757495416666
False,piano,49,45,154.239151,154.54757495416666
False,piano,49,52,154.239151,154.54757495416666
True,piano,49,69,154.565238,154.71877062916664
False,piano,49,52,154.565238,154.87366195416666
False,piano,49,57,154.565238,154.87366195416666
True,piano,49,69,154.72828149999998,154.88181412916666
True,piano,49,69,154.891325,155.19974895416667
False,piano,49,45,154.891325,155.04485762916664
False,piano,49,52,155.05436849999998,155.20790112916666
False,piano,49,57,155.05436849999998,155.20790112916666
True,piano,49,70,155.217412,155.52583595416667
False,piano,49,52,155.38045549999998,155.68887945416665
False,piano,49,57,155.38045549999998,155.68887945416665
True,piano,49,69,155.543499,155.69703162916664
True,piano,49,69,155.70654249999998,155.86007512916666
False,piano,49,45,155.70654249999998,155.86007512916666
True,piano,49,69,155.869586,156.17800995416667
False,piano,49,52,155.869586,156.17800995416667
False,piano,49,57,155.869586,156.17800995416667
True,piano,49,69,156.195673,156.34920562916665
False,piano,49,45,156.195673,156.34920562916665
False,piano,49,52,156.35871649999999,156.51224912916666
False,piano,49,33,156.52176,156.83018395416664
False,piano,49,40,156.52176,156.83018395416664
False,piano,49,45,156.52176,156.83018395416664
False,piano,49,33,156.847847,157.15627095416664
False,piano,49,40,156.847847,157.15627095416664
True,piano,49,57,157.17393399999997,157.32746662916665
False,piano,49,40,157.17393399999997,157.48235795416664
False,piano,49,45,157.17393399999997,157.48235795416664
True,piano,49,58,157.3369775,157.49051012916667
True,piano,49,57,157.50002099999998,157.80844495416665
False,piano,49,33,157.50002099999998,157.65355362916665
False,piano,49,40,157.6630645,157.81659712916667
False,piano,49,45,157.6630645,157.81659712916667
True,piano,49,57,157.82610799999998,157.97964062916665
True,piano,49,58,157.9891515,158.14268412916667
False,piano,49,40,157.9891515,158.29757545416666
False,piano,49,45,157.9891515,158.29757545416666
True,piano,49,57,158.15219499999998,158.46061895416665
False,piano,49,33,158.3152385,158.46877112916667
True,piano,49,57,158.47828199999998,158.63181462916666
False,piano,49,40,158.47828199999998,158.78670595416665
False,piano,49,45,158.47828199999998,158.78670595416665
True,piano,49,58,158.6413255,158.79485812916664
True,piano,49,57,158.80436899999998,159.11279295416665
False,piano,49,33,158.80436899999998,159.11279295416665
False,piano,49,33,159.13045599999998,159.74866260416667
False,piano,49,40,159.13045599999998,159.74866260416667
False,piano,49,45,159.13045599999998,159.74866260416667
True,piano,49,69,159.45654299999998,159.61007562916666
True,piano,49,69,159.6195865,159.77311912916664
False,piano,49,33,159.78262999999998,160.40083660416664
False,piano,49,40,159.78262999999998,160.40083660416664
False,piano,49,45,159.78262999999998,160.40083660416664
True,piano,49,69,160.10871699999998,160.26224962916666
True,piano,49,69,160.2717605,160.42529312916665
True,piano,49,72,160.43480399999999,160.74322795416666
False,piano,49,45,160.43480399999999,160.58833662916666
False,piano,49,52,160.5978475,160.75138012916665
False,piano,49,57,160.5978475,160.75138012916665
False,piano,49,45,160.760891,160.91442362916666
False,piano,49,52,160.760891,160.91442362916666
True,piano,49,70,161.086978,161.39540195416666
True,piano,49,69,161.739152,162.35735860416665
True,piano,49,73,161.739152,163.59648920416666
False,piano,49,33,161.739152,162.20246727916665
False,piano,49,45,162.22828249999998,162.69159777916664
True,piano,49,61,162.717413,163.02583695416666
True,piano,49,69,162.717413,163.02583695416666
False,piano,49,40,162.717413,163.18072827916666
True,piano,49,62,163.0435,163.35192395416666
True,piano,49,70,163.0435,163.35192395416666
False,piano,49,38,163.20654349999998,163.36007612916666
True,piano,49,61,163.369587,163.67801095416667
True,piano,49,69,163.369587,163.67801095416667
False,piano,49,40,163.369587,163.52311962916664
False,piano,49,38,163.53263049999998,163.68616312916666
True,piano,49,62,163.695674,164.00409795416667
True,piano,49,70,163.695674,164.00409795416667
True,piano,49,76,163.695674,164.00409795416667
False,piano,49,40,163.695674,164.00409795416667
True,piano,49,61,164.021761,164.33018495416667
True,piano,49,69,164.021761,164.33018495416667
False,piano,49,46,164.021761,164.33018495416667
False,piano,49,33,164.347848,164.81116327916666
True,piano,49,69,164.673935,164.98235895416664
False,piano,49,45,164.8369785,165.30029377916665
True,piano,49,67,165.000022,165.30844595416664
True,piano,49,67,165.32610899999997,165.63453295416664
False,piano,49,40,165.32610899999997,165.78942427916667
True,piano,49,64,165.65219599999998,165.96061995416665
True,piano,49,72,165.65219599999998,165.96061995416665
False,piano,49,38,165.8152395,165.96877212916667
True,piano,49,64,165.97828299999998,166.28670695416665
True,piano,49,67,165.97828299999998,166.28670695416665
False,piano,49,40,165.97828299999998,166.13181562916665
False,piano,49,38,166.1413265,166.29485912916667
True,piano,49,62,166.30436999999998,166.61279395416665
True,piano,49,67,166.30436999999998,166.61279395416665
False,piano,49,40,166.30436999999998,166.61279395416665
True,piano,49,62,166.63045699999998,166.93888095416665
True,piano,49,70,166.63045699999998,166.93888095416665
False,piano,49,46,166.63045699999998,166.93888095416665
True,piano,49,61,166.95654399999998,167.26496795416665
True,piano,49,69,166.95654399999998,167.26496795416665
False,piano,49,33,166.95654399999998,167.41985927916664
True,piano,49,67,167.28263099999998,167.43616362916666
True,piano,49,64,167.4456745,167.90898977916666
False,piano,49,45,167.4456745,167.90898977916666
True,piano,49,61,167.93480499999998,168.24322895416665
True,piano,49,69,167.93480499999998,168.24322895416665
False,piano,49,40,167.93480499999998,168.39812027916665
True,piano,49,62,168.26089199999998,168.56931595416665
True,piano,49,70,168.26089199999998,168.56931595416665
False,piano,49,38,168.4239355,168.57746812916665
True,piano,49,61,168.58697899999999,168.89540295416666
True,piano,49,69,168.58697899999999,168.89540295416666
False,piano,49,40,168.58697899999999,168.74051162916666
False,piano,49,38,168.7500225,168.90355512916665
True,piano,49,62,168.913066,169.22148995416666
True,piano,49,70,168.913066,169.22148995416666
False,piano,49,40,168.913066,169.22148995416666
True,piano,49,61,169.239153,169.54757695416666
True,piano,49,69,169.239153,169.54757695416666
False,piano,49,46,169.239153,169.54757695416666
False,piano,49,33,169.56524,170.02855527916665
True,piano,49,69,169.891327,170.19975095416666
False,piano,49,45,170.05437049999998,170.51768577916664
True,piano,49,67,170.217414,170.52583795416666
True,piano,49,69,170.543501,170.85192495416666
False,piano,49,40,170.543501,171.00681627916666
True,piano,49,70,170.869588,171.17801195416666
False,piano,49,38,171.03263149999998,171.18616412916666
True,piano,49,72,171.195675,171.50409895416666
False,piano,49,40,171.195675,171.34920762916664
False,piano,49,38,171.35871849999998,171.51225112916666
True,piano,49,69,171.521762,171.83018595416667
False,piano,49,40,171.521762,171.83018595416667
True,piano,49,67,171.847849,172.15627295416667
False,piano,49,46,171.847849,172.15627295416667
True,piano,49,64,172.173936,172.32746862916665
True,piano,49,69,172.173936,173.41170790416666
False,piano,49,33,172.173936,172.63725127916666
True,piano,49,64,172.33697949999998,172.49051212916666
True,piano,49,67,172.33697949999998,172.49051212916666
True,piano,49,64,172.500023,172.65355562916665
True,piano,49,67,172.500023,172.65355562916665
True,piano,49,64,172.66306649999999,172.81659912916666
True,piano,49,67,172.66306649999999,172.81659912916666
False,piano,49,45,172.66306649999999,173.12638177916665
True,piano,49,64,172.82611,173.13453395416664
True,piano,49,67,172.82611,173.13453395416664
True,piano,49,64,173.152197,173.30572962916665
True,piano,49,67,173.152197,173.30572962916665
False,piano,49,40,173.152197,173.61551227916667
True,piano,49,64,173.3152405,173.46877312916666
True,piano,49,67,173.3152405,173.46877312916666
True,piano,49,64,173.47828399999997,173.78670795416664
True,piano,49,67,173.47828399999997,173.78670795416664
False,piano,49,38,173.6413275,173.79486012916666
True,piano,49,64,173.80437099999997,174.11279495416665
True,piano,49,67,173.80437099999997,174.11279495416665
False,piano,49,40,173.80437099999997,173.95790362916665
False,piano,49,38,173.9674145,174.12094712916667
True,piano,49,64,174.13045799999998,174.28399062916665
True,piano,49,69,174.13045799999998,174.28399062916665
False,piano,49,40,174.13045799999998,174.43888195416665
True,piano,49,65,174.2935015,174.44703412916667
True,piano,49,70,174.2935015,174.44703412916667
True,piano,49,64,174.45654499999998,174.61007762916665
True,piano,49,69,174.45654499999998,174.61007762916665
False,piano,49,46,174.45654499999998,174.76496895416665
True,piano,49,65,174.6195885,174.77312112916664
True,piano,49,70,174.6195885,174.77312112916664
False,piano,49,33,174.78263199999998,175.24594727916664
True,piano,49,69,175.10871899999998,175.41714295416665
False,piano,49,45,175.2717625,175.73507777916666
True,piano,49,67,175.43480599999998,175.74322995416665
True,piano,49,70,175.43480599999998,175.74322995416665
True,piano,49,65,175.76089299999998,176.06931695416665
True,piano,49,72,175.76089299999998,176.06931695416665
False,piano,49,40,175.76089299999998,176.22420827916665
True,piano,49,64,176.08697999999998,176.39540395416665
True,piano,49,74,176.08697999999998,176.39540395416665
False,piano,49,38,176.2500235,176.40355612916665
True,piano,49,62,176.41306699999998,176.72149095416665
True,piano,49,76,176.41306699999998,176.72149095416665
False,piano,49,40,176.41306699999998,176.56659962916666
False,piano,49,38,176.5761105,176.72964312916665
True,piano,49,64,176.73915399999998,177.04757795416666
True,piano,49,77,176.73915399999998,177.04757795416666
False,piano,49,40,176.73915399999998,177.04757795416666
True,piano,49,65,177.065241,177.37366495416666
True,piano,49,76,177.065241,177.37366495416666
False,piano,49,46,177.065241,177.37366495416666
True,piano,49,64,177.391328,178.00953460416665
True,piano,49,76,177.391328,178.00953460416665
False,piano,49,33,177.391328,177.85464327916665
False,piano,49,45,177.88045849999997,178.34377377916664
True,piano,49,61,178.369589,178.67801295416666
True,piano,49,69,178.369589,178.67801295416666
False,piano,49,40,178.369589,178.83290427916666
True,piano,49,62,178.695676,179.00409995416666
True,piano,49,70,178.695676,179.00409995416666
False,piano,49,38,178.85871949999998,179.01225212916665
True,piano,49,61,179.021763,179.33018695416666
True,piano,49,69,179.021763,179.33018695416666
False,piano,49,40,179.021763,179.17529562916664
False,piano,49,38,179.18480649999998,179.33833912916666
True,piano,49,62,179.34785,179.65627395416666
True,piano,49,70,179.34785,179.65627395416666
False,piano,49,40,179.34785,179.65627395416666
True,piano,49,61,179.673937,179.98236095416667
True,piano,49,69,179.673937,179.98236095416667
False,piano,49,46,179.673937,179.98236095416667
False,piano,49,33,180.000024,180.46333927916666
False,piano,49,40,180.000024,180.46333927916666
True,piano,49,69,180.326111,180.63453495416664
False,piano,49,45,180.48915449999998,180.95246977916665
True,piano,49,67,180.652198,180.96062195416664
True,piano,49,65,180.978285,181.13181762916665
True,piano,49,67,180.978285,181.13181762916665
False,piano,49,40,180.978285,181.44160027916666
True,piano,49,65,181.1413285,181.29486112916666
True,piano,49,67,181.1413285,181.29486112916666
True,piano,49,64,181.30437199999997,181.61279595416664
True,piano,49,67,181.30437199999997,181.61279595416664
True,piano,49,62,181.63045899999997,181.93888295416664
True,piano,49,67,181.63045899999997,181.93888295416664
True,piano,49,60,181.95654599999997,182.26496995416665
True,piano,49,67,181.95654599999997,182.26496995416665
True,piano,49,58,182.28263299999998,182.59105695416665
True,piano,49,67,182.28263299999998,182.59105695416665
False,piano,49,41,182.28263299999998,182.59105695416665
False,piano,49,46,182.28263299999998,182.59105695416665
True,piano,49,57,182.60871999999998,183.22692660416666
True,piano,49,69,182.60871999999998,183.22692660416666
False,piano,49,33,182.60871999999998,183.07203527916664
False,piano,49,45,183.0978505,183.56116577916666
True,piano,49,61,183.58698099999998,183.89540495416665
True,piano,49,69,183.58698099999998,183.89540495416665
False,piano,49,40,183.58698099999998,184.05029627916664
True,piano,49,62,183.91306799999998,184.22149195416665
True,piano,49,70,183.91306799999998,184.22149195416665
False,piano,49,38,184.0761115,184.22964412916664
True,piano,49,61,184.23915499999998,184.54757895416665
True,piano,49,69,184.23915499999998,184.54757895416665
False,piano,49,40,184.23915499999998,184.39268762916666
False,piano,49,38,184.4021985,184.55573112916665
True,piano,49,62,184.56524199999998,184.87366595416665
True,piano,49,70,184.56524199999998,184.87366595416665
False,piano,49,40,184.56524199999998,184.87366595416665
True,piano,49,61,184.89132899999998,185.19975295416666
True,piano,49,69,184.89132899999998,185.19975295416666
False,piano,49,46,184.89132899999998,185.19975295416666
True,piano,49,62,185.217416,185.52583995416666
True,piano,49,70,185.217416,185.52583995416666
False,piano,49,33,185.217416,185.68073127916665
True,piano,49,61,185.543503,185.85192695416666
True,piano,49,69,185.543503,185.85192695416666
False,piano,49,45,185.70654649999997,186.16986177916667
True,piano,49,62,185.86959,186.17801395416666
True,piano,49,70,185.86959,186.17801395416666
True,piano,49,61,186.195677,186.50410095416666
True,piano,49,69,186.195677,186.50410095416666
False,piano,49,40,186.195677,186.65899227916665
True,piano,49,62,186.521764,186.83018795416666
True,piano,49,70,186.521764,186.83018795416666
False,piano,49,38,186.68480749999998,186.83834012916665
True,piano,49,60,186.847851,187.15627495416666
True,piano,49,72,186.847851,187.15627495416666
False,piano,49,40,186.847851,187.00138362916664
False,piano,49,38,187.01089449999998,187.16442712916665
True,piano,49,57,187.173938,187.48236195416666
True,piano,49,69,187.173938,187.48236195416666
False,piano,49,40,187.173938,187.48236195416666
True,piano,49,64,187.500025,187.65355762916664
True,piano,49,69,187.500025,187.65355762916664
False,piano,49,46,187.500025,187.80844895416666
True,piano,49,64,187.66306849999998,187.81660112916666
True,piano,49,69,187.66306849999998,187.81660112916666
True,piano,49,65,187.826112,188.13453595416667
True,piano,49,70,187.826112,188.13453595416667
False,piano,49,33,187.826112,188.28942727916666
True,piano,49,64,188.152199,188.46062295416667
True,piano,49,69,188.152199,188.46062295416667
False,piano,49,45,188.31524249999998,188.77855777916665
True,piano,49,61,188.804373,189.11279695416664
True,piano,49,69,188.804373,189.11279695416664
False,piano,49,40,188.804373,189.26768827916666
True,piano,49,62,189.13046,189.43888395416664
True,piano,49,70,189.13046,189.43888395416664
False,piano,49,38,189.29350349999999,189.44703612916666
True,piano,49,61,189.45654699999997,189.76497095416664
True,piano,49,69,189.45654699999997,189.76497095416664
False,piano,49,40,189.45654699999997,189.61007962916665
False,piano,49,38,189.6195905,189.77312312916666
True,piano,49,62,189.78263399999997,190.09105795416664
True,piano,49,70,189.78263399999997,190.09105795416664
False,piano,49,40,189.78263399999997,190.09105795416664
True,piano,49,61,190.10872099999997,190.41714495416664
True,piano,49,69,190.10872099999997,190.41714495416664
False,piano,49,46,190.10872099999997,190.41714495416664
False,piano,49,33,190.43480799999998,190.89812327916664
True,piano,49,69,190.76089499999998,191.06931895416665
False,piano,49,45,190.9239385,191.38725377916666
True,piano,49,67,191.08698199999998,191.39540595416665
True,piano,49,65,191.41306899999998,191.56660162916666
False,piano,49,40,191.41306899999998,191.87638427916664
True,piano,49,65,191.5761125,191.72964512916664
True,piano,49,64,191.73915599999998,192.04757995416665
False,piano,49,38,191.9021995,192.05573212916664
True,piano,49,62,192.06524299999998,192.37366695416665
False,piano,49,40,192.06524299999998,192.21877562916666
False,piano,49,38,192.2282865,192.38181912916664
True,piano,49,60,192.39132999999998,192.69975395416665
False,piano,49,40,192.39132999999998,192.69975395416665
True,piano,49,58,192.71741699999998,193.02584095416665
False,piano,49,46,192.71741699999998,193.02584095416665
True,piano,49,57,193.04350399999998,193.35192795416665
